Hackathon ID,Hackathon Slug,Project Title,Project Description,Project Link,Participants Count,Likes,Comments
25761,telsem-hack-2025,Pulsar Digital Funhouse,"The Pulsar Funhouse is website with AI powered games, puzzles and traditional favorites in a playful interface. It tracks user profiles, providing a boredom-busting solution that is ubiquitous.",https://devpost.com/software/pulsar-digital-funhouse,4,7,0
25761,telsem-hack-2025,Moodflix,"Pick an emoji, get perfect movies - MoodFlix bridges generations with local classics and global hits.",https://devpost.com/software/hacktone-website,3,12,4
25761,telsem-hack-2025,Parlo,A hassle-free site for temporary group chats.,https://devpost.com/software/parlo,4,6,1
25761,telsem-hack-2025,comet,Mood Mix: Turn emotions into playlists that fit every moment,https://devpost.com/software/comet-mncd36,4,16,5
25761,telsem-hack-2025,Vibes,Swipe through songs and find your vibe!,https://devpost.com/software/vibes-tgrxf0,4,3,0
25761,telsem-hack-2025,Game Night Hub,"Play fun party games like Truth or Dare, Two Truths One Lie, Never Have I Ever, and a pop culture quiz. Perfect for friends or family guaranteed to bring laughter, surprises, and fun!",https://devpost.com/software/game-night-hub,4,1,0
25761,telsem-hack-2025,Image gussing game,Making fun environment,https://devpost.com/software/image-gussing-game,1,2,0
25761,telsem-hack-2025,FunHub,FunHub is an all-in-one entertainment platform so you can have fun with friends and compete in the leaderboard! Many games to be added.,https://devpost.com/software/funhub,3,1,0
25761,telsem-hack-2025,ShebaQuest,"ShebaQuest is an AI chatbot guiding users on a fun, interactive treasure hunt through Queen Sheba’s history, using riddles and clues to bring Ethiopian culture to life.",https://devpost.com/software/shebaquest,3,1,1
25761,telsem-hack-2025,SWYF - SEE WHAT YOU FIT,SWYF – See What You Fit: Experience the Future of Fashion Shopping,https://devpost.com/software/swyf-see-what-you-fit-f7wyrj,1,5,2
25761,telsem-hack-2025,LaughLink - Multiplayer Meme Battle,A real-time multiplayer game where players battle with memes to win laughs!,https://devpost.com/software/laughlink-multiplayer-meme-battle,1,3,0
25761,telsem-hack-2025,Personality-Aware Entertainment,"An AI-powered assistant that curates, analyzes, and re-sorts entertainment content based on your personality, preferences, and mood.",https://devpost.com/software/personality-aware-entertainment,3,4,2
24504,milpitas-hacks-2,Peer+,"Our AI gets and summarizes patient symptoms and history, giving doctors a clear head start or acting as frontline provider in underserved communities where care is limited, especially for minorities.",https://devpost.com/software/peer-1qfn2p,4,3,0
24504,milpitas-hacks-2,KitCreate,"People need to be prepared for natural disasters. Unfortunately, you can't just buy an emergency kit and forget about it. Kit Create helps people create kits and replenish them when supplies expire.",https://devpost.com/software/kit-create,4,2,0
24504,milpitas-hacks-2,ODY,"ODY makes coding feel like a game. Track commits, earn XP, level up, and see consistent progress. Stay motivated and celebrate growth. It's like working out, but for your coding skills.",https://devpost.com/software/ody,3,1,0
24504,milpitas-hacks-2,CallSense,"AI-powered 911 call analysis providing real-time summaries, severity scores, and agency routing to help dispatchers make faster, more informed decisions.",https://devpost.com/software/callsense-jo4hg3,4,2,0
24504,milpitas-hacks-2,Cascade,"Cascade connects disaster survivors with volunteers based on location, urgency, and skills—enabling fast, community-driven aid, allowing all to help-no matter how much or how little someone can offer.",https://devpost.com/software/cascade-4kyna9,3,0,0
24504,milpitas-hacks-2,Book Finder Game,Hi,https://devpost.com/software/book-finder-game,1,0,0
24504,milpitas-hacks-2,BeGood,Post a picture of you doing something good everyday,https://devpost.com/software/begood-0pgmow,2,0,0
24504,milpitas-hacks-2,Halo,"""See the Injustice. Act for Change.""Map pollution and poverty. Mobilize for climate justice.",https://devpost.com/software/halo-e7y3k4,3,0,0
24504,milpitas-hacks-2,adsfgf,adsfdgf,https://devpost.com/software/adsfgf,1,0,0
24504,milpitas-hacks-2,SafeRouter,"This is a website that will allow you to find safe routes when traveling, avoiding places with high crime.",https://devpost.com/software/saferouter,4,1,0
24504,milpitas-hacks-2,Write Knight,"Fun typing game for all ages, awww yeaaa!!",https://devpost.com/software/write-knight,3,0,0
24504,milpitas-hacks-2,Aura AI,"Detect your emotional State based on an Image, AI/ML powered",https://devpost.com/software/aura-ai-yt7zjg,2,1,0
24504,milpitas-hacks-2,KnowMyRights,"Laws can be different in every state, and most people don’t know what their rights are. Our site gives answers about what you can and can’t do especially in situations like protests or police stops.",https://devpost.com/software/knowmyrights,2,1,0
24504,milpitas-hacks-2,Beacon,A light in the chaos.,https://devpost.com/software/beacon-pqvh3a,2,0,0
24504,milpitas-hacks-2,CrossRoads,"A news outlet crossed with a social media platform, specifically designed with the spread of local cultures and news in mind.",https://devpost.com/software/crossroads-s6234n,2,0,0
24504,milpitas-hacks-2,Resq,Using AI to save lives. Easy to use for rescuers and rescuees.,https://devpost.com/software/resq-p9ends,4,0,0
24504,milpitas-hacks-2,Study Swap,Being a student is hard. But it's better knowing you're not alone—thousands of upperclassman before you have also suffered. This platform allows transfer of valuable knowledge to underclassmen.,https://devpost.com/software/study-swap,2,0,0
24504,milpitas-hacks-2,AI travel planner,"Have you ever realized about why is everything AI-dedicated, except for travel planning? Well, erase that question from your mind, because, even now, that is also using AI now.",https://devpost.com/software/ai-travel-planner,1,0,0
24504,milpitas-hacks-2,News Buddies,News Buddies provides an accessible way for youth to consume news without being overloaded by the complicated text and terms that modern articles have.,https://devpost.com/software/news-buddies-abok9r,2,0,0
24504,milpitas-hacks-2,HumanX,Therapy AI for everyone,https://devpost.com/software/humanx-n4dy1k,1,0,0
24504,milpitas-hacks-2,Safe-Spot,"SafeSpot is a mobile app that detects nearby natural disasters and calculates a 1–100 severity score using distance, hazard type, wind speed, elevation, and time of day.",https://devpost.com/software/safe-spot-t9vy7m,4,1,0
24504,milpitas-hacks-2,Intellectra,"Intellectra helps you learn anytime, anywhere—using your voice, your language, and simple AI-powered explanations. No fear, no limits.",https://devpost.com/software/intellectra,3,1,0
24504,milpitas-hacks-2,Break Task,Break Task: a to-do website that incorporates game features to motivate users to achieve productivity,https://devpost.com/software/break-task,3,1,0
24504,milpitas-hacks-2,EquiHire,"EquiHire is a platform that detects and prevents hiring bias using AI, allowing for more inclusive and equitable job opportunities. Our tools use AI to analyze job descriptions for biased language.",https://devpost.com/software/equihire-st3rxk,4,1,0
24504,milpitas-hacks-2,Taskapet,Task manager where you complete tasks to feed your digital pet.,https://devpost.com/software/taskapet,2,0,0
24504,milpitas-hacks-2,YouTruth,"How are videos on platforms like Youtube fact-checked right now? The answer to the question is that they aren't. However, YouTruth allows BILLIONS of users to fact-check videos for themselves.",https://devpost.com/software/youtruth,3,0,0
24504,milpitas-hacks-2,SimplyNourished,Hi,https://devpost.com/software/simplynourished,1,0,0
24504,milpitas-hacks-2,FocusFuel,Make learning fun again!,https://devpost.com/software/focusfuel,1,0,0
24504,milpitas-hacks-2,Haven: The Emergency Chatbot,"Haven is an AI-powered safety app that gives fast, clear emergency instructions, auto-alerts local authorities with your location, and hides with one tap.",https://devpost.com/software/haven-the-emergency,2,0,0
24504,milpitas-hacks-2,rippleXP,"Small Actions, Big Changes",https://devpost.com/software/ripplexp,3,1,0
24504,milpitas-hacks-2,PathStep,"Our goal is to help struggling youth, but specifically students, find real job opportunities that fit their needs in a flexible way that makes job hunting feel like a game.",https://devpost.com/software/pathstep,1,0,0
24504,milpitas-hacks-2,Give and Grow,Connect. Cultivate. Care,https://devpost.com/software/give-and-grow,3,0,0
24504,milpitas-hacks-2,Lock Saver,#saveteens,https://devpost.com/software/lock-saver,3,0,0
24504,milpitas-hacks-2,MedId,"MedId (Medical Identification) revolutionizes modern technology, using AI to help people in need. MedId analyzes symptoms from a user input, tells the user how to treat them and how serious it may be.",https://devpost.com/software/medid-1m0gef,2,1,0
24504,milpitas-hacks-2,SmartDeploy,Our solution for better unified command over first responders. Unified Command Saving Lives.,https://devpost.com/software/smartdeploy,4,0,0
24504,milpitas-hacks-2,Access Maps,"A community-powered campus map for identifying and discussing accessibility challenges and successes, from broken ramps to accessible elevators. It is for the community, from the community.",https://devpost.com/software/access-maps,3,2,0
24504,milpitas-hacks-2,SafetyNet - Tech That Protects,"SafetyNet–a helpful tool that when in need, and when in danger, comes in clutch by telling you exactly what you need to withstand any disaster that may come your way.",https://devpost.com/software/safetynet-tech-that-protects,4,0,0
24504,milpitas-hacks-2,FlashAid,"Your AI powered assistant for creating tailored emergency preparedness plans. Be prepared, instantly.",https://devpost.com/software/flashaid,4,2,0
24504,milpitas-hacks-2,Revita,Too lazy to correctly throw trash once you walk to the trash can? Revita provides a fun and sustainable way for teenagers and the elderly to make correctly throwing trash a fun process.,https://devpost.com/software/revita-9f5s0v,3,0,0
24504,milpitas-hacks-2,Ayutra,AI with Lung-term Impact.,https://devpost.com/software/ayutra,2,0,0
24504,milpitas-hacks-2,Panic Hero,Turn Crisis Into Confidence,https://devpost.com/software/panic-hero,4,2,0
24504,milpitas-hacks-2,Peitho,Debate your political positions with artificially generated personas.,https://devpost.com/software/peitho,3,1,0
24504,milpitas-hacks-2,Safe Steps,Find safe walking routes in San Francisco.,https://devpost.com/software/safe-steps-h9vtnf,1,0,0
24504,milpitas-hacks-2,RescView,"Artificial-Intelligence power tool for finding people trapped within debris, in both images and videos.",https://devpost.com/software/rescview,4,0,0
24504,milpitas-hacks-2,OpenRadioStudy,Empowering communication when it counts.,https://devpost.com/software/openradiostudy,1,0,0
24504,milpitas-hacks-2,webOS,"A powerful, anonymous, browser-based AI Operating System all in one seamless virtual desktop",https://devpost.com/software/webos-d1lf2v,2,1,0
24504,milpitas-hacks-2,Husky’s Legacy Arena,A Modern Ticketing System for a Modern School.,https://devpost.com/software/husky-s-legacy-arena-2q7zlj,1,0,0
24228,ridgehacks-2025,GridLocked,The innovative power grid simulation to optimize the aging US energy system!,https://devpost.com/software/gridlocked,3,3,0
24228,ridgehacks-2025,BagFinder,Track down lost bags in seconds,https://devpost.com/software/bagfinder,1,2,0
24228,ridgehacks-2025,DaWaze - The Routing Game,A fun game to challenge your navigational and routing skills while seeing the roads of the world!,https://devpost.com/software/dawaze-the-routing-game,1,2,0
24228,ridgehacks-2025,Galactic Express,Futuristic prime delivery for when humanity is living in space.,https://devpost.com/software/galactic-express,4,2,0
24228,ridgehacks-2025,Routing Ridge,"This is a ""google maps"" for Ridge High School. The user can input any two points on a map of Ridge High School, and ""Routing Ridge"" will output the shortest path between the two points.",https://devpost.com/software/routing-ridge,4,1,0
24228,ridgehacks-2025,Routify,Take the route of safety.,https://devpost.com/software/routify-womqgh,4,5,0
24228,ridgehacks-2025,Medigo,"MediGo assist immobile and patients like the elderly to access critical health goods making medicine mobile and accessible focusing on, last mile delivery",https://devpost.com/software/medigo-j76pfw,1,0,0
24228,ridgehacks-2025,LogMap,"LogMap 3.0 ingests six days of real AIS data, filters to your region, builds a graph of vessel movements, simulates “what-if” climate scenarios, makes new routes, and more. Read the README please.",https://devpost.com/software/logmap,1,0,0
24228,ridgehacks-2025,Escape the Past,"Race Through Time by Mastering Transportation Trivia!""",https://devpost.com/software/escape-the-past,2,0,0
24228,ridgehacks-2025,Carpool Application,Save time. Save energy. Carpool. Kachow!,https://devpost.com/software/rhythm-game-18twij,4,0,0
24228,ridgehacks-2025,Gas Price Projection Estimator,Our project is a model that predicts gas prices using machine learning. Our project will allow people to know whether they are being charged the appropriate amount of gas.,https://devpost.com/software/gas-price-projection-estimater,4,0,0
24228,ridgehacks-2025,Next Stop,"This project is an informative game about different methods of transportation, It goes on a funny and enjoyable story that helps people learn about transportation.",https://devpost.com/software/next-stop-t89n7d,2,0,0
24228,ridgehacks-2025,Virtual Relaxation Airplane,a virtual airplane website that transports you to a relaxing place,https://devpost.com/software/virtual-relaxation-airplane,4,0,0
24228,ridgehacks-2025,Subway Rewards Program,Subway Rewards Program is a web application that helps keep the world a little bit more cleaner,https://devpost.com/software/subway-rewards-program,1,0,0
24228,ridgehacks-2025,FlyIt,An easy way to get from Point A to Point B. Use to find the fastest and easiest routes from any airport.,https://devpost.com/software/flyit,1,0,0
24228,ridgehacks-2025,Traffic dodger,this is a game where you dodge cars and collect coins,https://devpost.com/software/traffic-dodger,1,0,0
24228,ridgehacks-2025,Delivery Game,You deliver packages to the store before time runs out,https://devpost.com/software/delivery-game,1,0,0
24228,ridgehacks-2025,Transport of CRISPR Systems in Gene Editing for Sickle Cell,Simulation of editing the original mutation and examining effects and efficiency in the bloodstream.,https://devpost.com/software/transport-of-crispr-systems-in-gene-editing-for-sickle-cell,2,0,0
24228,ridgehacks-2025,CarMod,"CarMod is a website that allows you to input any car, and provides statistics and modifications for the specific car.",https://devpost.com/software/modmonkey,1,0,0
24228,ridgehacks-2025,Platformer Transporter,The game consists of two levels where the user controls the package (the white square) and tries to reach the golden block on the other side without touching the lava. The game also includes physics.,https://devpost.com/software/platformer-transporter,4,0,0
24228,ridgehacks-2025,Whispr,"An AI-assisted knowledge exchange platform where users leave behind like audio ""whispers"" (voice memos, thoughts, lessons, stories) that are tagged by location, mood, and topic",https://devpost.com/software/whispr-sf54tl,3,0,0
24228,ridgehacks-2025,Sheet Music Writer,Did you know the audio cortex of the brain is about the same size as the visual cortex. This project seeks to transport our understanding of music to a new dimension.,https://devpost.com/software/sheet-music-writer,1,0,0
24228,ridgehacks-2025,Fastest route finder,I created a GPS tracker which would find the fastest route to get from point A to point B. I also included a fun little easter egg,https://devpost.com/software/fastest-route-finder,1,0,0
24228,ridgehacks-2025,Traffy Data Collector,It collects traffic data.,https://devpost.com/software/transportation-traffic-data,1,0,0
24228,ridgehacks-2025,WasteWay,Track your trash with just one click!,https://devpost.com/software/wasteway,3,0,0
24228,ridgehacks-2025,Commute Carbon,Every Ride Counts Toward a Greener Future.,https://devpost.com/software/commute-carbon,4,1,0
24228,ridgehacks-2025,gowhere,"A gamification of just walking around to make in more enjoyable and encourage activity. It convinces yourself, through in game leaderboards to transport yourself (via your feet) around you town!",https://devpost.com/software/gowhere,3,0,0
24228,ridgehacks-2025,Lightweight Racecar Simulation and Comparison for Design,The racecar design process requires a lot of fine tuning in its design. To test changes in the rear wing's airfoil engineers can use this to shave time off the simulation process with accurate results,https://devpost.com/software/lightweight-racecar-simulation-and-comparison-for-design,4,0,0
24228,ridgehacks-2025,Transit Paws,fun cross road inspired game spreading the message to use more sustainable forms of transportation,https://devpost.com/software/transit-paws,2,0,0
24228,ridgehacks-2025,Python Ursina Random Airport Generator,Safe travel across the world. Billions of possibilities.,https://devpost.com/software/python-ursina-random-airport-generator,3,0,0
24228,ridgehacks-2025,Race Car,So basically we have a car that goes around a track,https://devpost.com/software/race-car,2,0,0
24228,ridgehacks-2025,Get Active!,A simple program that allows the user to get active through randomly generated challenges,https://devpost.com/software/get-active,1,0,0
24228,ridgehacks-2025,AirDash - Airplane simulator,#Simulator #Transportation #Airplane #Fun #3D,https://devpost.com/software/airdash-airplane-simulator,1,0,0
24228,ridgehacks-2025,BullyDetect,"Using AI to identify bullying in text-based communication, promoting safer online environments.",https://devpost.com/software/bullydetect,1,1,1
24228,ridgehacks-2025,Directions,"With a given map, code will determine how far you need to drive from one place to another and eta",https://devpost.com/software/directions-pzh6it,3,0,0
20401,polyhacks-2024-20401,My Walkable City,An easy to use city generator that tries to make everything accessible with a 15min walk.,https://devpost.com/software/my-walkable-city,1,1,0
20401,polyhacks-2024-20401,CommuPartage,"CommuPartage réinvente le partage communautaire en combinant IA et plateforme intuitive pour faciliter l'échange d'outils et d'appareils, favorisant ainsi un mode de vie durable.",https://devpost.com/software/commupartage,3,5,0
20401,polyhacks-2024-20401,FarmUp,"Welcome to FarmUp! This little game aims to introduce you to vertical farms! Take care of your farmland by planting, watering and harvesting your crop, and compare your results with the vertical farm!",https://devpost.com/software/farmup-tfzjwp,3,0,0
20401,polyhacks-2024-20401,Top chrono,"Top chrono is an interactive web-based map, in which we can see where in the island of Montreal we have services in a 15-minute-radius",https://devpost.com/software/top-chrono,4,1,0
20401,polyhacks-2024-20401,Treep,"Welcome to Treep. Where you can earn points when you use public transport and redeem them for bus and metro tickets, turning your daily commute into a rewarding adventure.",https://devpost.com/software/treep,2,1,0
20401,polyhacks-2024-20401,Groof - A Green Rooftop Planner,Have you ever been to concerned about how much time a task would take? Well this website is the better solution to organize your green roof wisely.,https://devpost.com/software/groof-a-green-rooftop-planner,3,2,0
20401,polyhacks-2024-20401,CarShare,"CarBuddy: Cuts solo car trips by 50% in Montreal, using a cost-effective, potentially carbon-negative MERN stack. Safety features and personalized algorithms redefine eco-friendly commuting!",https://devpost.com/software/carshare,5,0,0
20401,polyhacks-2024-20401,Umoove,"L'application qui permet de récompenser la réduction des émissions de carbone. En plus, d'aider les villes a diminuer l'attrait pour la voiture solo. Elle s'intègre aux infrastructures déjà en place.",https://devpost.com/software/umoove,1,1,0
20401,polyhacks-2024-20401,Eco Crops,Une vue verte sur la vie.,https://devpost.com/software/eco-crops,3,3,1
20401,polyhacks-2024-20401,Recycle Rush,Recycle Rush has been developed as a fun and interactive way for people to discard their waste and learn about the importance of disposing of waste properly.,https://devpost.com/software/recycle-rush-i0qpfa,4,1,0
20401,polyhacks-2024-20401,VertTigineux,"VerTigineux, pour un monde plus vert et alléchant sans vertiges !",https://devpost.com/software/verttigineux,1,0,0
20401,polyhacks-2024-20401,CocoCar,An eco and wallet friendly way to commute,https://devpost.com/software/cococar,3,1,0
20401,polyhacks-2024-20401,Hidden Treasures,Envie de dénicher des pièces uniques pour votre logement? Vous avez une vente de garage prévue et vous souhaitez gagner en visibilité? Hidden Treasures permet le réemploi des meubles grâce à vous!,https://devpost.com/software/hidden-treasures-9nrxhy,3,3,0
20401,polyhacks-2024-20401,Rustaheat - un engin de recherche piédestrier local,Un engin de recherche efficace énergétiquement pour trouver différents types de services à moins de 15 minutes à pied de manière entièrement local.,https://devpost.com/software/rustaheat-un-engin-de-recherche-piedestrier-local,4,0,0
20401,polyhacks-2024-20401,Trash Talk,Everybody needs to talk about trash and how to recycle it. So we did it.,https://devpost.com/software/hackathon-project-45dgbm,4,0,0
20401,polyhacks-2024-20401,CommunityGrowth,Grow and grow with your community,https://devpost.com/software/communitygrowth,4,0,0
20401,polyhacks-2024-20401,ProxiCollect,Permet de trouver le point de collecte communautaire le plus proche.,https://devpost.com/software/proxicollect,1,0,0
20401,polyhacks-2024-20401,Waste-Management Web App,For a better environment,https://devpost.com/software/waste-management-web-app,3,0,0
20401,polyhacks-2024-20401,Catch Trash!,A fun game that is there to motivate you to make an impact :),https://devpost.com/software/catch-trash,3,0,0
20401,polyhacks-2024-20401,GreenRide,"Revolutionize commuting with our app! Save money, cut emissions. Using Flutter and Firebase for a seamless, eco-friendly experience. Join the green transport movement now!",https://devpost.com/software/greenride-faukso,1,1,0
20401,polyhacks-2024-20401,UnoAuto,"Découvrez UnoAuto, l'appli innovante pour covoiturage urbain! Partagez trajets, économisez argent, réduisez empreinte carbone en prennant la route la plus optimale. Rejoignez-nous dès aujourd'hui!",https://devpost.com/software/unoauto,4,0,0
20401,polyhacks-2024-20401,Services15,Permettre à un planificateur urbain de visualiser les endroits avec des services manquants pour se rapprocher d'une ville de 15 minutes en optimisant la construction de nouveaux services.,https://devpost.com/software/services15,4,0,0
20401,polyhacks-2024-20401,A smoothie shop,A breakfast diner to let you choose your favourite fruit smoothie by healthy information.,https://devpost.com/software/a-smoothie-shop,1,0,0
20401,polyhacks-2024-20401,ÉcoloRolo,Réduire le gaspillage alimentaire un aliment à la fois!,https://devpost.com/software/ecolorolo-2ntp4y,2,0,0
20401,polyhacks-2024-20401,"Our City, Our Voice","Our City, Our Voice aims to empower people who will actually live in 15 minute cities to make their voice heard about what they truly need.",https://devpost.com/software/our-city-our-voice,3,0,0
20401,polyhacks-2024-20401,Ecoscan,For a more sustainable tomorrow,https://devpost.com/software/ecoscan-xvl3up,4,2,0
20401,polyhacks-2024-20401,BMW(B),Elevator pitch placeholder,https://devpost.com/software/bmw-b,3,0,0
20401,polyhacks-2024-20401,DurableMail,"Abonnement DurableMail : Explorez le développement durable avec des envois mensuels inspirants. Informez-vous, agissez, changez le monde.",https://devpost.com/software/durablemail,2,2,0
20401,polyhacks-2024-20401,PolyFoodSOS,Planification de souper et diner pour eviter le gaspillage alimentaire,https://devpost.com/software/polyfoodsos,3,0,0
20401,polyhacks-2024-20401,Safe and Sound,Allows cities to monitor noise levels at different times of the day with the goal of tackling noise pollution at those peak hours,https://devpost.com/software/safe-and-sound-zms5nj,4,3,0
20401,polyhacks-2024-20401,EcoVoiturage,"Our project aims to maximize the utility of car journeys by creating a carpooling platform. This platform allows users to easily share rides, making transportation more efficient and convenient.",https://devpost.com/software/ecovoiturage,4,0,0
20401,polyhacks-2024-20401,VertiGrow,"Dive into ""VertiGrow"" a cute pixel art game where you blend aquaculture with hydroponics to create a thriving eco-friendly farm. Grow plants, raise fish, and build your aquaponic paradise!",https://devpost.com/software/vertigrow,2,0,0
20401,polyhacks-2024-20401,Turtle-kun,"A educational interactive top down survivor game about recycling, reusing, reducing and valuation in very early stages in development",https://devpost.com/software/turtle-kun,4,0,0
20401,polyhacks-2024-20401,Botanix,"Botanix est une plateforme dédiée à l'alimentation durable qui met à disposition des guides de jardinage et de cuisine, intégrés à un système de défi, dans le but de favoriser l'autosuffisance verte.",https://devpost.com/software/botanix,4,1,1
20401,polyhacks-2024-20401,WalkReadyUs,Une application pour trouver les services essentiels à une courte distance de marche de chez vous pour promouvoir la ville de 15 minutes.,https://devpost.com/software/walkreadyus,4,0,0
20401,polyhacks-2024-20401,Tag-Along,Une application de covoiturage qui utilise un server backend rust pour faire les calculs et un frontend en Angular.,https://devpost.com/software/tag-along-1gt6ic,2,0,0
20401,polyhacks-2024-20401,Grow Green,Permet aux gens de facilement donner leurs reste de nourriture pour faire du composte au jardinier dans leur région,https://devpost.com/software/grow-green-31q2li,4,0,0
20401,polyhacks-2024-20401,Commute Companion,Commute companion est un site web favorisant le covoiturage dans chaque déplacement.,https://devpost.com/software/commute-companion,1,0,0
20401,polyhacks-2024-20401,GreenProximity,"Greenproximity facilite vos choix de déménagement, identifie les opportunités commerciales et améliore la ville en favorisant la mobilité active. Proximité verte, opportunités gagnantes! 🌿",https://devpost.com/software/greenproximity,2,1,0
20401,polyhacks-2024-20401,T'as pas Pigeon?,"Un jeu ou les enfants mignons sont les méchants, et les pigeons sont les héros. Une course contre la RAM.",https://devpost.com/software/t-as-pas-pigeon,1,0,0
20401,polyhacks-2024-20401,Fight Food Waste,"Chaque année, 1,3 milliard de tonnes de nourriture sont gaspillées. Avec Fight Food Waste, réduisez vos déchets alimentaires tout en découvrant de nouvelles recettes!",https://devpost.com/software/fight-food-waste,2,0,0
20401,polyhacks-2024-20401,GreenBasket,GreenBasket provides users with a personalized interactive map of local farmers and businesses based on their location and allows farmers to sell their leftovers in the light of fighting food waste.,https://devpost.com/software/greenbasket-mkjbsr,4,1,0
20401,polyhacks-2024-20401,TriClotron,Faciliter le triage des déchets!,https://devpost.com/software/triclotron,2,1,0
20401,polyhacks-2024-20401,Apprenti Recycleur,Les RRRV passent par l'éducation. RRRV must go through education.,https://devpost.com/software/apprenti-recycleur,4,1,0
20401,polyhacks-2024-20401,PolloVision,Have you ever wondered what bin to throw your trash?,https://devpost.com/software/pollovision,4,0,0
20401,polyhacks-2024-20401,PlotPal,"PlotPal: Empowering communities to cultivate connections through shared garden spaces, fostering sustainable living and collective growth.",https://devpost.com/software/plotpal,3,0,0
20401,polyhacks-2024-20401,EcoSight,Recycle sans crainte avec EcoSight,https://devpost.com/software/ecosight-li4soc,4,4,0
20401,polyhacks-2024-20401,EcoSort,"Waste sorting assistant application developed for the PolyHacks. This project aims to help users efficiently sort their waste, providing real-time guidance on how to properly dispose of various items.",https://devpost.com/software/ecosort-q8tlwo,3,0,0
20401,polyhacks-2024-20401,Radius15,Live the 15 min walkable life!,https://devpost.com/software/radius15,4,1,0
25057,recess-hacks-5-0,Helping Hand,"As a teen, skills such as cooking, tying knots, and sewing clothes are crucial to be independent, but they aren’t always something you learn by watching a youtube video or two.",https://devpost.com/software/helping-hand-pwkoi6,2,5,1
25057,recess-hacks-5-0,TeenThrive,"AI independence coach for teens - instant life skills training, real-world simulations, personalized guidance - no signups needed.",https://devpost.com/software/teenthrive,1,0,0
25057,recess-hacks-5-0,Studium,"A gamified study app that helps teens build habits, not just homework checklists.",https://devpost.com/software/studium-k0sfw7,3,3,0
25057,recess-hacks-5-0,NextStep,Your next step toward smarter opportunities!,https://devpost.com/software/nextstep-taz4j6,3,2,0
25057,recess-hacks-5-0,Tiny to Mighty: A Kiddo's Journey,"Tiny to Mighty is a joyful game about growing up and independence. Through real-life interaction, fun facts, and a touching ending, it’s both fun and meaningful. Made for Recess Hacks 5.0 Hackathon.",https://devpost.com/software/tiny-to-mighty-a-kiddo-s-journey,1,2,0
25057,recess-hacks-5-0,ThriveHub,"ThriveHub helps teens build life skills with 3 tools: quick recipe generator, budgeting assistant, and anxiety copilot—simple, practical support for daily confidence.",https://devpost.com/software/thrivehub,4,3,0
25057,recess-hacks-5-0,TeenToolkit,"The one-stop shop for notes, goals, and growth.",https://devpost.com/software/teentoolkit,4,1,0
25057,recess-hacks-5-0,PathPal,Travel Smarter. Travel Safer. PathPal.,https://devpost.com/software/pathpal-fel297,2,1,0
25057,recess-hacks-5-0,Kealan's Autonomy Hub,A website dedicated to helping teens learn essential life skills...totally,https://devpost.com/software/kealan-s-autonomy-hub,1,0,3
25057,recess-hacks-5-0,ZenSpace,"“Work hard, play hard. Discover places near you.”",https://devpost.com/software/zenspace,2,0,0
25057,recess-hacks-5-0,IndiePilot - Your Independence Copilot,"IndiePilot is a gamified independence copilot that empowers teens with budgeting, life quests, and safe peer support",https://devpost.com/software/indiepilot-your-independence-copilot,1,0,0
25057,recess-hacks-5-0,Finora,Finora gives teenagers financial freedom,https://devpost.com/software/finora-8p4w37,2,2,0
25057,recess-hacks-5-0,SmartCents,SmartCents: An AI-powered financial mentor helping teens turn cents into sense.,https://devpost.com/software/smartcents-xrtu4m,4,2,0
25057,recess-hacks-5-0,Researchly ai,Researchly.ai helps students write personalized emails to professors that actually get responses and land research opportunities. We're transforming how students connect with academic mentors,https://devpost.com/software/researchly-ai,1,0,0
25057,recess-hacks-5-0,ForgeLink,Cold emails that warm up: from research to relationships.,https://devpost.com/software/forgelink,2,0,0
25057,recess-hacks-5-0,Chorely - Youth Freelancing,"Freelance for youth, made easy. In a time where youth unemployment is skyrocketing, Chorely helps teens find available work and get paid fast.",https://devpost.com/software/chorely-youth-freelancing,2,2,0
25057,recess-hacks-5-0,Responsibility,"is a fun, terminal based interactive way of learning finances through managing a business!",https://devpost.com/software/responsibility-17h9pz,3,0,0
25057,recess-hacks-5-0,AutonoMeal,AutonoMeal: A gamified and personalized cooking app that teaches teens independence by helping them level up from simple meals to culinary confidence.,https://devpost.com/software/autonomeal,3,1,0
25057,recess-hacks-5-0,Taskify,"Stay on top of your tasks: prioritize, track, and prove completion all in one simple app.",https://devpost.com/software/taskify-4stjcx,4,4,0
25057,recess-hacks-5-0,First Step,"Small steps today, big independence tomorrow.",https://devpost.com/software/first-step-lf3k79,1,1,0
25057,recess-hacks-5-0,JobAI,A chat app with AI agents to help teens gain financial independence.,https://devpost.com/software/jobai,2,1,1
25057,recess-hacks-5-0,Aura,Aura - Accessible Urban Route Assistant - a mapping system for people with specific needs.,https://devpost.com/software/aura-vnm954,2,0,1
25057,recess-hacks-5-0,CardioAlert,"CardioAlert is a smart band that monitors heart rate, detects abnormalities, and sends GPS-based emergency alerts to contacts and services, ensuring faster response and saving lives.",https://devpost.com/software/cardioalert-dmlg6s,1,1,1
25057,recess-hacks-5-0,BHOOMI,"Bhoomi combines pH sensors and smart tech to analyze manure nutrients with precise fertilizer advice. It boosts yields, cuts costs, and ensures eco-friendly, sustainable farming practices.",https://devpost.com/software/bhoomi-fj7n3b,1,3,1
25057,recess-hacks-5-0,Safesteps,"SafeSteps addresses women’s safety by using shoes with a tap-activated SOS Morse code to send a SMS alert with the GPS info to police, offering a discreet and reliable way to get help in emergencies.",https://devpost.com/software/safesteps-dsw72t,1,1,0
25057,recess-hacks-5-0,S.A.I,"India's agriculture faces over-irrigation due to heavy, unpredictable rainfall. SAI uses 8 soil moisture sensors, a Pi 5, and a weather API to predict rain and automate irrigation smartly.",https://devpost.com/software/s-a-i,2,1,4
25057,recess-hacks-5-0,"""Aim Ahead"" Go forward with consistency, focus and progress.","""Track Today, Transform Tomorrow"". Aim Ahead helps you stay consistent, crush goals, and measure dedication daily, weekly, and monthly because small, steady steps build lasting success and confidence.",https://devpost.com/software/aim-ahead-go-forward-with-consistency-focus-and-progress-9ktlyj,1,1,0
25057,recess-hacks-5-0,Voca,"A machine learning powered text editor designed to empower people who stutter to lead better, more fluent lives.",https://devpost.com/software/voca-rjc63q,1,0,0
25057,recess-hacks-5-0,LifePath,Bridges the gap between aspirational dreams and financial reality.,https://devpost.com/software/lifepath-c679z2,1,0,0
25057,recess-hacks-5-0,NeuroScope: Real-Time Cognitive Visualization,"NeuroScope transforms EEG and sleep data into an interactive, real-time cognitive exploration.",https://devpost.com/software/neuroscope-real-time-cognitive-visualization,1,1,0
25057,recess-hacks-5-0,NeuroGuard: Predictive AI for Lifelong Brain Health,"NeuroGuard uses brain waves, sleep, and lifestyle data to predict cognitive risks and deliver personalized brain-health interventions",https://devpost.com/software/neuroguard-predictive-ai-for-lifelong-brain-health,1,1,0
25057,recess-hacks-5-0,eduVision,Where Every Note Becomes a Resource.,https://devpost.com/software/eduvision-2p8gra,1,1,0
25057,recess-hacks-5-0,AcademicAcer,Academic Acer is a mobile app which gamifies learning experiences through fun games for multiple subjects.,https://devpost.com/software/academicacer,1,1,0
25057,recess-hacks-5-0,Vision Guide – Smart AI Assistant for the Visually Impaired,"Vision Guide is an AI-powered mobile assistant that helps visually impaired users navigate their environment using real-time object detection, voice interaction, and safety alerts.",https://devpost.com/software/vision-guide-smart-ai-assistant-for-the-visually-impaired,1,1,0
25057,recess-hacks-5-0,MediHelper,"💊 Medi-Helper: An AI-powered, privacy-first medication assistant with clear explanations, smart reminders, and a chatbot for patient confidence.",https://devpost.com/software/medihelper-eh8316,1,2,0
25057,recess-hacks-5-0,ULTRASRMART-AI HELMET DETECTOR,"We have security systems in cars to ensure that passenger and driver wear seatbelts, but why not in biked/scooters so let us ensure safety in bikes using AI",https://devpost.com/software/ultrasrmart-ai-helmet-detector-dj6820,1,0,0
24624,devhacksasu,Sakhi,Empowering Minds with AI-Driven Mental Health Support.,https://devpost.com/software/sakhi-5drczt,4,4,0
24624,devhacksasu,ReThread,"Fast fashion is destroying our planet. Our AI-powered Chrome extension remedies this by suggesting affordable, high-quality secondhand alternatives from platforms like Grailed, Depop, and Poshmark.",https://devpost.com/software/rethread-ra36cq,4,1,0
24624,devhacksasu,COSMiQ,The ISS just got a sidekick,https://devpost.com/software/algonauts-38tuyg,4,1,0
24624,devhacksasu,AdaptED AI,"AdaptED AI is a smart digital tutor that personalizes learning with real-time help, adaptive feedback, and simplified lessons—making education accessible, engaging, and tailored to you",https://devpost.com/software/adapted-ai-dcuvok,4,3,0
24624,devhacksasu,VocaLift,Finding Voices Beyond Words,https://devpost.com/software/vocalift,2,1,0
24624,devhacksasu,Inflo,"AI-Powered Outreach: Instantly connect with your leads through smart automation, seamless calls, and effortless scheduling",https://devpost.com/software/inflo-0kdhic,3,1,0
24624,devhacksasu,ShelfLife.ai - Track. Waste Less. Save More,"ShelfLife.ai helps households and retailers reduce food wastage, and increase savings by tracking expiry dates, offering smart recipes, and promoting affordable near-expiry grocery deals.",https://devpost.com/software/shelflife-ai-track-waste-less-save-more,2,0,0
24624,devhacksasu,Renvue AI,AI powered investment marketplace,https://devpost.com/software/renvue,4,2,0
24624,devhacksasu,JobSnap,"Simplifies job hunting to a one-line message. Users get targeted job leads (title, company, link) instantly—no more manual searches or stale job boards.",https://devpost.com/software/jobsnap,2,0,0
24624,devhacksasu,Green In Check,Green In Check is a friendly website and AI chatbot. This comprehensive approach empowers users to make informed decisions and hold companies accountable for their environmental promises.,https://devpost.com/software/green-in-check,4,0,0
24624,devhacksasu,Fresh Start,"Feed People, Not Landfills",https://devpost.com/software/fresh-start-d4cwzl,4,0,0
24624,devhacksasu,CareerCatalyst.AI,"CareerCatalyst.AI: Breaking Through Hiring Barriers, One Career at a Time",https://devpost.com/software/careercatalyst-ai,4,1,0
24624,devhacksasu,Signify - Sign with Signify,"Ever wish you could talk to Google with just your hands? Well, now you can! We built a Chrome extension that reads ASL using your webcam, figures out what you’re saying, and Googles it for you.",https://devpost.com/software/signify-vzwxs9,4,0,0
24624,devhacksasu,Visual Buddy,Visual learning to make learning fun and interactive!,https://devpost.com/software/visual-buddy-04dbj5,2,0,0
24624,devhacksasu,Eko,"Know what you wear. Live Eco, Live Eko",https://devpost.com/software/eko-a7byn5,3,0,0
24624,devhacksasu,ASU Lost & Found,"Tagline: Find It Fast, Connect Instantly.",https://devpost.com/software/asu-lost-found,4,0,0
24624,devhacksasu,Globe Pulse,"Globe Pulse makes sustainability real track CO₂ savings, earn rewards, and turn daily habits into impact. No greenwashing, just real people making change Empowering sustainability one habit at a time.",https://devpost.com/software/globe-pulse,3,2,0
24624,devhacksasu,ProsPal: Custom Prosthetic Prototype Generator,"Introducing our web app that uses LLMs to create custom prosthetic instructions on-the-fly. Input your condition and constraints to receive detailed, easy-to-follow guides for assistive devices!",https://devpost.com/software/prospal-custom-prosthetic-prototype-generator,2,0,0
24624,devhacksasu,Eco Guard,Unmasking Greenwashing: AI-Powered Fraud Detection for Sustainable Accountability,https://devpost.com/software/eco-guard,4,0,0
24624,devhacksasu,Path2Pro,"Your skills shape your path to the dream job. Know where you stand and step right. No more lost applications—just Scan, Sync, and Skillup.",https://devpost.com/software/path2pro,4,4,0
24624,devhacksasu,MoodMaze,"MoodMaze: Understand your emotions through AI-powered journaling. Get insights, visualizations, and personalized suggestions from what you write.",https://devpost.com/software/moodmaze-mbvr7z,3,0,0
24624,devhacksasu,Fírtreé,Discover How Green Companies Really Are,https://devpost.com/software/firtree,3,1,0
24624,devhacksasu,Immerse.ai - Stories that you live.,Immerse in any story that YOU create. Choose your adventure. Live your imaginations.,https://devpost.com/software/tricode,3,1,0
24624,devhacksasu,D-SplitBill,"Imagine splitting bills with roommates in seconds—no spreadsheets, no stress. Just upload a receipt, select your items, and the app instantly calculates who owes what. Simple, fast, and fair.",https://devpost.com/software/d-splitbill,3,0,0
24624,devhacksasu,Fit2U,"Fit2U is the ultimate online styling assistant that helps you curate outfits from the clothes you own, swap or donate clothes you no longer want, and helps you find your unique style.",https://devpost.com/software/fit2u,4,0,0
24624,devhacksasu,ComicSonic,Experience comics like never before!,https://devpost.com/software/comicsonic,3,0,0
24624,devhacksasu,Foofoo coders,We have built a fact checker project to counter the sustainability claims made by the big companies. We show what the truth.,https://devpost.com/software/foo-foo-coders,1,0,0
24624,devhacksasu,LinkdUp,"Social media divides people. LinkdUp is a social discovery app that helps people connect in-person. Whether making friends or just exploring who's nearby, make meeting people feel natural again.",https://devpost.com/software/linkdup,3,0,0
24624,devhacksasu,Grubsy,"Our platform helps food seekers find the best restaurants nearby by analyzing reviews from multiple sources, providing real-time rankings based on quality, and satisfaction—no more endless scrolling.",https://devpost.com/software/grubsy,3,0,0
24624,devhacksasu,WalkWithMe,"Find your path, find your people.",https://devpost.com/software/walkwithme-bas6kl,4,0,0
24624,devhacksasu,Medieval Adventures,Multiplayer fantasy roleplaying game where every player has a unique story and identity as they embark on a nerve racking journey with an AI Game Master who controls their story and brings challenges.,https://devpost.com/software/medieval-adventures,2,0,0
24624,devhacksasu,Elevate,Product Design at the Next Level,https://devpost.com/software/elevate-bw4gka,4,0,0
24624,devhacksasu,Hercules bodybuilding,An all in one fitness app that lets you track your workouts and meals and has a custom personal trainer for your specific goals.,https://devpost.com/software/hercules-bodybuilding,1,0,0
24624,devhacksasu,Fix Finder,"FixFinder is a peer-to-peer platform connecting ASU students with affordable, local services from quick repairs to creative gigs empowering them to offer and find help on campus.",https://devpost.com/software/fix-finder,4,0,0
24624,devhacksasu,Phonic Factory,Phonic Factory is the solution to declining literacy rates.,https://devpost.com/software/phonic-factory,3,0,0
24624,devhacksasu,Best Look,"Discover the perfect hairstyle, facial hair, glasses, and accessories that complement your unique face shape.",https://devpost.com/software/best-look,2,0,0
24624,devhacksasu,CoMatch,What if finding suitable co-founders was as simple as writing a sentence?,https://devpost.com/software/comatch,4,2,0
24624,devhacksasu,ReadySetGo,Interactive helper in accomplishing and forming daily routine for special needs.,https://devpost.com/software/readysetgo,1,0,0
24624,devhacksasu,ResumeBotX,"Agentic AI-powered resume building, job tracking, and smart career planning. Scrape jobs, identify skill gaps, enrich resumes, and get personalized learning plans—all seamlessly integrated for success",https://devpost.com/software/resumebotx,1,1,1
24624,devhacksasu,ARIA,"ARIA redefines accessibility. With AI-driven voice navigation, it lets users control any site through natural speech, no accessibility tags required. We’re making the web truly open to everyone.",https://devpost.com/software/aria-3hsm87,4,0,0
24624,devhacksasu,AIdeaForge,"Unleash collective AI genius with AIdeaForge - where specialized AI agents collaborate in real-time to generate, evaluate, and visualize innovative ideas across any domain.",https://devpost.com/software/aideaforge,1,0,0
24624,devhacksasu,GreenProof AI - AI Powered Greenwashing Whistleblower,Verifying Sustainability Claims with Artificial Intelligence,https://devpost.com/software/greenproof-ai-ai-powered-greenwashing-whistleblower,4,6,0
24624,devhacksasu,Lux,The AI-powered wardrobe assistant for personalized style recommendations.,https://devpost.com/software/lux-jpl0aq,4,2,0
24624,devhacksasu,ModelForge,"ModelForge: A no-code platform to create custom chatbots for business use cases, leveraging local training on custom data to ensure privacy and eliminate API costs. Effortless, secure, cost-effective!",https://devpost.com/software/modelforge-rsdpim,3,0,0
24624,devhacksasu,SORT DESU NE,"We use AI-powered recognition and automated sorting to reduce human error in waste disposal. Our goal: bring smart waste sorting to homes, public spaces, and schools for a cleaner future.",https://devpost.com/software/sort-desu-ne,4,2,0
22889,hackaton-academica-ethereum,BuildingDAO Democratic Desicion Making.,"In home buildings/country clubs, the administration has to make important decisions, they call a Vote the BuildingDAO contract. Owners vote with tokens that represent ownership of a home.",https://devpost.com/software/buildingdao-democratic-desicion-making,3,1,3
22889,hackaton-academica-ethereum,SMARTASSIST,"El 51% de los clientes están insatisfechos con la atención en redes sociales. SmartAssist mejora esta experiencia con IA y Blockchain, brindando soporte 24/7 y pagos seguros con contratos inteligentes",https://devpost.com/software/smartassist-8mjku6,3,5,0
22889,hackaton-academica-ethereum,SmartHire,"SmartHire es una dApp de Gobernanza para DAOs que automatiza la contratación y tareas con contratos inteligentes en Solidity, Scaffold-ETH-2 y AccessControl, optimizando operaciones descentralizadas.",https://devpost.com/software/smarthire-tu40fc,3,13,1
22889,hackaton-academica-ethereum,FinanWork,"Plataforma que permite administrar ordenes de preventa, brindando apoyo a los pequeños productores (artesanales o de oficio) y emprendedores, a escalar su producción de manera previsible y ordenada.",https://devpost.com/software/finanwork,4,2,1
22889,hackaton-academica-ethereum,NativePlantchain,"NativePlantchain es un proyecto que incentiva a las personas a plantar especies nativas en sus respectivas eco-regiones, promoviendo la restauración de ecosistemas",https://devpost.com/software/nativeplantchain,3,3,0
22889,hackaton-academica-ethereum,Tokenización de activos inmobiliarios,La tokenización de activos inmobiliarios es un proceso en el que se representa la propiedad o participación en bienes raíces mediante tokens digitales basados en blockchain.,https://devpost.com/software/tokenizacion-de-activos-inmobiliarios,3,9,6
22889,hackaton-academica-ethereum,WildfireEye,WildfireEye es una dApp diseñada para detectar focos de incendio mediante el uso de drones entrenados con modelos de IA y la implementación de tecnología blockchain.,https://devpost.com/software/wildfireeye,3,5,0
22889,hackaton-academica-ethereum,Good Numbers,GoodNumbers crea entropía en la Blockchain de manera descentralizada a través de agentes que compiten de manera adversarial o altruista para obtener premios o financiar proyectos sociales.,https://devpost.com/software/good-numbers,4,3,0
22889,hackaton-academica-ethereum,Medic+ Your health in your hands,"Medic+ manages medical records, ensuring user privacy, security, and control over data. It simplifies sharing for telemedicine, second opinions, and preventive studies, with AI-powere",https://devpost.com/software/medic-7wabqz,5,9,1
22889,hackaton-academica-ethereum,FlewPay,"Flew Pay: Conectando a Latinoamérica, un pago a la vez.",https://devpost.com/software/flewpay,4,5,0
22889,hackaton-academica-ethereum,"Solid Organic Waste Managment, SOWAMA.","SOWAMA revolutionizes organic waste management, transforming an environmental problem into an economic and sustainable opportunity. We transform organic waste into value, community and future.",https://devpost.com/software/solid-organic-waste-managment-sowama,4,8,2
22889,hackaton-academica-ethereum,ContrataChain,"""Transparency in hiring, thanks to blockchain, is inspiring.""",https://devpost.com/software/contratachain-3d1p4s,3,3,1
22889,hackaton-academica-ethereum,Honduras DAO,"HONDURAS DAO usa blockchain para financiar educación, salud e infraestructura en Honduras, empoderando a la comunidad con transparencia, votación descentralizada y staking para un impacto sostenible.",https://devpost.com/software/honduras-dao,3,1,0
22889,hackaton-academica-ethereum,ArbiScan,"ArbiScan: Tu herramienta de confianza para analizar tokens y NFTs en tiempo real. Detecta vulnerabilidades, patrones de fraude y garantiza la seguridad antes de invertir en el mundo blockchain.",https://devpost.com/software/arbiscan,3,6,0
22889,hackaton-academica-ethereum,NFTracking,"""NFTracking: Autenticidad y trazabilidad en cada paso.""",https://devpost.com/software/nftracking,3,0,0
22889,hackaton-academica-ethereum,EcoToken,"EcoToken is a project to promote sustainability through recycling. By depositing recyclable materials at green points, participants earn a digital reward.",https://devpost.com/software/ecotoken,3,2,0
22889,hackaton-academica-ethereum,Torogoz-Auth,"TorogozAuth: Títulos inalterables en blockchain, verificación global en segundos y costos bajos. Validamos credenciales y confianza, liderando la nueva era de autenticidad digital.",https://devpost.com/software/torogoz-auth-g5fdnr,1,2,0
22889,hackaton-academica-ethereum,TorogozAuth,"Títulos inalterables en blockchain, verificación global en segundos y costos bajos. Validamos credenciales y confianza, liderando la nueva era de autenticidad digital.",https://devpost.com/software/torogozauth,4,6,1
22889,hackaton-academica-ethereum,Indian Foods and Cuisines and Recipe,It had Cooking Video,https://devpost.com/software/shipping-and-tracking-website-wfo794,1,1,1
22889,hackaton-academica-ethereum,Universal Shard,"Universal Shard Project: Integramos renta básica, blockchain y gobernanza descentralizada para crear comunidades autosustentables. Transformamos participación en valor y colaboración en progreso.",https://devpost.com/software/universal-shard,3,6,0
22889,hackaton-academica-ethereum,NexusHUB,Bridging the Gap Between Aspiring Developers and IT Mentors for Success.,https://devpost.com/software/nexushub-qjha68,1,2,2
22889,hackaton-academica-ethereum,CarbonMint,"Ecología y rentabilidad, uniendo blockchain con sostenibilidad.",https://devpost.com/software/carbonmint,4,6,0
